cluster,ShotsFired,AvgReactionTime
0,232.0,0.9328764966151515
1,90.5,2.6434290110000003
