cluster,Accuracy,StdDevAcc
0,91.2831916805,3.52547112101
1,82.05180195428571,2.899229322
2,82.96306610142857,7.982144151428572
