cluster,ShotsFired,AvgReactionTime
0,266.25,0.805686332275
1,41.5,4.7160437105
2,106.83333333333333,1.9525574445
3,199.76470588235293,1.052584886582353
