cluster,Accuracy,AvgReactionTime
0,86.17973327657894,1.0488651771394737
1,93.43355305666667,4.025159915000001
