cluster,Accuracy,StdDevAcc
0,90.24293914760001,3.280275349528
1,81.191065311875,5.310422390625
