cluster,ShotsFired,Accuracy
0,213.0,90.0972963217647
1,252.1875,81.88053321875
2,90.5,89.17349433875
