cluster,Accuracy,AvgReactionTime
0,92.163302285,1.0893266924357143
1,85.09952926666666,1.0986660255833334
2,92.76785278,4.7160437105
3,78.21672276142856,1.0676724143857144
