cluster,ShotsFired,AvgReactionTime
0,127.77777777777777,1.7066895034444445
1,238.23333333333332,0.9046687841433333
2,41.5,4.7160437105
