cluster,AvgReactionTime,StdDevReactionTime
0,0.9247685521968749,0.067764839855625
1,4.7160437105,0.77600592375
2,1.8804636995,0.19836253548333335
3,1.624893188,0.6432750225
