cluster,Accuracy,StdDevAcc
0,80.83187866272728,3.1496494248181817
1,89.42699709727273,5.488991043818182
2,82.157618714,8.8841386794
3,90.82105691071429,1.9662788168714285
