cluster,ShotsFired,Accuracy
0,141.42857142857142,84.90141405428572
1,228.75,90.4815335275
2,64.5,94.3451709725
3,248.0,81.12395749785715
