cluster,ShotsHit,StdDevShotsHit
0,198.78571428571428,3.2209305464892855
1,201.8,9.2843597414
2,79.25,2.2807638348125003
