cluster,Accuracy,AvgReactionTime
0,81.66067377777777,1.077923244938889
1,90.2468868255,1.0227129161200001
2,93.43355305666667,4.025159915000001
