cluster,ShotsFired,Accuracy
0,175.875,90.18394184083333
1,244.64705882352942,81.80681879411765
