cluster,ShotsHit,StdDevShotsHit
0,79.25,2.2807638348125003
1,199.24242424242425,4.139631939657576
