cluster,ShotsHit,StdDevShotsHit
0,217.58333333333334,2.0952738224750003
1,79.25,2.2807638348125003
2,201.8,9.2843597414
3,184.6875,4.0651730895
