cluster,AvgReactionTime,StdDevReactionTime
0,1.0756677859815789,0.08838552863894737
1,3.685660203,0.7317622899999999
