cluster,AvgReactionTime,StdDevReactionTime
0,0.9510472507363636,0.06851153391757575
1,4.7160437105,0.77600592375
2,1.8526182968333333,0.29017408191666666
